timestamp,datetime,type,section,content
1780910265144,"2026-06-08 10:17:45.144","info","app","BLE busqueda iniciada"
1780910285161,"2026-06-08 10:18:05.161","info","app","BLE busqueda finalizada por tiempo"
1780910296474,"2026-06-08 10:18:16.474","info","app","[1/5] Conectando GATT a diag_tool..."
1780910299723,"2026-06-08 10:18:19.723","info","app","[2/5] GATT conectado — solicitando MTU 128..."
1780910300625,"2026-06-08 10:18:20.625","info","app","[3/5] MTU=517 — descubriendo servicios..."
1780910300639,"2026-06-08 10:18:20.639","info","app","[4/5] Servicios descubiertos — suscribiendo RX..."
1780910300640,"2026-06-08 10:18:20.640","info","app","[5/5] Suscribiendo canal de recepción..."
1780910300649,"2026-06-08 10:18:20.649","info","app","[6/6] Autenticando con la Pi..."
1780910300649,"2026-06-08 10:18:20.649","ble_tx","bluetooth","TX - [BLE] ↵   RAW    : {""cmd"":""auth"",""token"":""1234""} ↵   DECODED: command='auth'"
1780910300751,"2026-06-08 10:18:20.751","ble_rx","bluetooth","RX - [BLE] ↵   RAW    : {""status"": ""ok"", ""data"": ""authenticated""} ↵   DECODED: status='ok' data='authenticated'"
1780910300776,"2026-06-08 10:18:20.776","success","app","Autenticacion correcta — sesion activa"
1780910300785,"2026-06-08 10:18:20.785","info","app","Conectado a diag_tool"
1780910300785,"2026-06-08 10:18:20.785","ble_tx","bluetooth","TX - [BLE] ↵   RAW    : {""cmd"":""vin""} ↵   DECODED: command='vin'"
1780910300786,"2026-06-08 10:18:20.786","info","app","probe_pids — escaneando PIDs disponibles..."
1780910300786,"2026-06-08 10:18:20.786","ble_tx","bluetooth","TX - [BLE] ↵   RAW    : {""cmd"":""probe_pids""} ↵   DECODED: command='probe_pids'"
1780910300932,"2026-06-08 10:18:20.932","ble_rx","bluetooth","RX - [BLE] ↵   RAW    : {""status"": ""ok"", ""data"": ""ARDUINO0000000000""} ↵   DECODED: status='ok' data='ARDUINO0000000000'"
1780910300946,"2026-06-08 10:18:20.946","info","app","VIN: ARDUINO0000000000"
1780910301334,"2026-06-08 10:18:21.334","ble_rx","bluetooth","RX - [BLE] ↵   RAW    : {""status"": ""ok"", ""data"": [4, 5, 6, 7, 10, 11, 12, 13, 14, 15, 16, 17, 31, 35, 47, 49, 51, 66, 70, 71, 73, 74, 92, 94]} ↵   DECODED: status='ok'"
1780910301357,"2026-06-08 10:18:21.357","info","app","probe_pids — 24 PIDs soportados: 0x4, 0x5, 0x6, 0x7, 0xA, 0xB, 0xC, 0xD, 0xE, 0xF, 0x10, 0x11, 0x1F, 0x23, 0x2F, 0x31, 0x33, 0x42, 0x46, 0x47, 0x49, 0x4A, 0x5C, 0x5E"
1780910304019,"2026-06-08 10:18:24.019","info","app","snapshot — requesting all PIDs"
1780910304019,"2026-06-08 10:18:24.019","ble_tx","bluetooth","TX - [BLE] ↵   RAW    : {""cmd"":""snapshot""} ↵   DECODED: command='snapshot'"
1780910304411,"2026-06-08 10:18:24.411","ble_rx","bluetooth","RX - [BLE] ↵   RAW    : {""status"": ""ok"", ""data"": {""Carga del motor"": {""value"": 0.0, ""unit"": ""%""}, ""Temp. refrigerante"": {""value"": 20.0, ""unit"": ""\u00b0C""}, ""Trim combustible corto B1"": {""value"": 0.0, ""unit"": ""%""}, ""Trim combustible largo B1"": {""value"": 0.0, ""unit"": ""%""}, ""Presion combustible"": {""value"": 0.0, ""unit"": ""kPa""}, ""MAP admision"": {""value"": 101.0, ""unit"": ""kPa""}, ""RPM motor"": {""value"": 0.0, ""unit"": ""rpm""}, ""Velocidad"": {""value"": 0.0, ""unit"": ""km/h""}, ""Avance encendido"": {""value"": 0.0, ""unit"": ""\u00b0""}, ""Temp. aire admision"": {""value"": 20.0, ""unit"": ""\u00b0C""}, ""Flujo MAF"": {""value"": 0.0, ""unit"": ""g/s""}, ""Posicion acelerador"": {""value"": 0.0, ""unit"": ""%""}, ""Tiempo encendido"": {""value"": 0.0, ""unit"": ""s""}, ""Presion rampa combustible"": {""value"": 0.0, ""unit"": ""kPa""}, ""Nivel combustible"": {""value"": 74.90196078431373, ""unit"": ""%""}, ""Dist. desde borrado DTC"": {""value"": 0.0, ""unit"": ""km""}, ""Presion barometrica"": {""value"": 101.0, ""unit"": ""kPa""}, ""Tension bateria"": {""value"": 12.45, ""unit"": ""V""}, ""Temp. aire exterior"": {""value"": 20.0, ""unit"": ""\u00b0C""}, ""Posicion acelerador B"": {""value"": 0.0, ""unit"": ""%""}, ""Pedal acelerador D"": {""value"": 0.0, ""unit"": ""%""}, ""Pedal acelerador E"": {""value"": 0.0, ""unit"": ""%""}, ""Temp. aceite motor"": {""value"": 20.0, ""unit"": ""\u00b0C""}, ""Consumo combustible"": {""value"": 0.0, ""unit"": ""L/h""}}} ↵   DECODED: status='ok'"
1780910304426,"2026-06-08 10:18:24.426","data","obd","RX - [OBD2] ↵   PID    : 0x04 Carga del motor ↵   VALUE  : 0.00 %"
1780910304426,"2026-06-08 10:18:24.426","data","obd","RX - [OBD2] ↵   PID    : 0x05 Temp. refrigerante ↵   VALUE  : 20.00 °C"
1780910304426,"2026-06-08 10:18:24.426","data","obd","RX - [OBD2] ↵   PID    : 0x0A Presion combustible ↵   VALUE  : 0.00 kPa"
1780910304426,"2026-06-08 10:18:24.426","data","obd","RX - [OBD2] ↵   PID    : 0x0C RPM motor ↵   VALUE  : 0 rpm"
1780910304426,"2026-06-08 10:18:24.426","data","obd","RX - [OBD2] ↵   PID    : 0x0D Velocidad ↵   VALUE  : 0.00 km/h"
1780910304426,"2026-06-08 10:18:24.426","data","obd","RX - [OBD2] ↵   PID    : 0x0F Temp. aire admision ↵   VALUE  : 20.00 °C"
1780910304426,"2026-06-08 10:18:24.426","data","obd","RX - [OBD2] ↵   PID    : 0x11 Posicion acelerador ↵   VALUE  : 0.00 %"
1780910305003,"2026-06-08 10:18:25.003","info","app","probe_pids — escaneando PIDs disponibles..."
1780910305003,"2026-06-08 10:18:25.003","ble_tx","bluetooth","TX - [BLE] ↵   RAW    : {""cmd"":""probe_pids""} ↵   DECODED: command='probe_pids'"
1780910305389,"2026-06-08 10:18:25.389","ble_rx","bluetooth","RX - [BLE] ↵   RAW    : {""status"": ""ok"", ""data"": [4, 5, 6, 7, 10, 11, 12, 13, 14, 15, 16, 17, 31, 35, 47, 49, 51, 66, 70, 71, 73, 74, 92, 94]} ↵   DECODED: status='ok'"
1780910305426,"2026-06-08 10:18:25.426","info","app","probe_pids — 24 PIDs soportados: 0x4, 0x5, 0x6, 0x7, 0xA, 0xB, 0xC, 0xD, 0xE, 0xF, 0x10, 0x11, 0x1F, 0x23, 0x2F, 0x31, 0x33, 0x42, 0x46, 0x47, 0x49, 0x4A, 0x5C, 0x5E"
1780910307908,"2026-06-08 10:18:27.908","ble_rx","bluetooth","RX - [BLE] ↵   RAW    : {""status"": ""ok"", ""data"": ""pong""} ↵   DECODED: status='ok' data='pong'"
1780910308429,"2026-06-08 10:18:28.429","ble_tx","bluetooth","TX - [BLE] ↵   RAW    : {""cmd"":""monitor_start"",""pids"":[4,5,12,10,13,15,17],""interval_ms"":500} ↵   DECODED: command='monitor_start' pids=[0x4,0x5,0xC,0xA,0xD,0xF,0x11]"
1780910308429,"2026-06-08 10:18:28.429","info","app","monitor_start — 7 PIDs: 0x4, 0x5, 0xC, 0xA, 0xD, 0xF, 0x11"
1780910308490,"2026-06-08 10:18:28.490","ble_rx","bluetooth","RX - [BLE] ↵   RAW    : {""status"": ""ok"", ""data"": ""monitor started""} ↵   DECODED: status='ok' data='monitor started'"
1780910308586,"2026-06-08 10:18:28.586","data","obd","RX - [OBD2] ↵   PID    : 0x04 Carga del motor ↵   VALUE  : 0.00 %"
1780910308586,"2026-06-08 10:18:28.586","data","obd","RX - [OBD2] ↵   PID    : 0x05 Temp. refrigerante ↵   VALUE  : 20.00 °C"
1780910308586,"2026-06-08 10:18:28.586","data","obd","RX - [OBD2] ↵   PID    : 0x0A Presion combustible ↵   VALUE  : 0.00 kPa"
1780910308586,"2026-06-08 10:18:28.586","data","obd","RX - [OBD2] ↵   PID    : 0x0C RPM motor ↵   VALUE  : 0 rpm"
1780910308586,"2026-06-08 10:18:28.586","data","obd","RX - [OBD2] ↵   PID    : 0x0D Velocidad ↵   VALUE  : 0.00 km/h"
1780910308586,"2026-06-08 10:18:28.586","data","obd","RX - [OBD2] ↵   PID    : 0x0F Temp. aire admision ↵   VALUE  : 20.00 °C"
1780910308586,"2026-06-08 10:18:28.586","data","obd","RX - [OBD2] ↵   PID    : 0x11 Posicion acelerador ↵   VALUE  : 0.00 %"
1780910308586,"2026-06-08 10:18:28.586","ble_tx","bluetooth","TX - [BLE] ↵   RAW    : {""type"":""heartbeat_ack""} ↵   DECODED: command='?'"
1780910309169,"2026-06-08 10:18:29.169","data","obd","RX - [OBD2] ↵   PID    : 0x04 Carga del motor ↵   VALUE  : 0.00 %"
1780910309169,"2026-06-08 10:18:29.169","data","obd","RX - [OBD2] ↵   PID    : 0x05 Temp. refrigerante ↵   VALUE  : 20.00 °C"
1780910309169,"2026-06-08 10:18:29.169","data","obd","RX - [OBD2] ↵   PID    : 0x0A Presion combustible ↵   VALUE  : 0.00 kPa"
1780910309169,"2026-06-08 10:18:29.169","data","obd","RX - [OBD2] ↵   PID    : 0x0C RPM motor ↵   VALUE  : 0 rpm"
1780910309169,"2026-06-08 10:18:29.169","data","obd","RX - [OBD2] ↵   PID    : 0x0D Velocidad ↵   VALUE  : 0.00 km/h"
1780910309169,"2026-06-08 10:18:29.169","data","obd","RX - [OBD2] ↵   PID    : 0x0F Temp. aire admision ↵   VALUE  : 20.00 °C"
1780910309169,"2026-06-08 10:18:29.169","data","obd","RX - [OBD2] ↵   PID    : 0x11 Posicion acelerador ↵   VALUE  : 0.00 %"
1780910309758,"2026-06-08 10:18:29.758","data","obd","RX - [OBD2] ↵   PID    : 0x04 Carga del motor ↵   VALUE  : 0.00 %"
1780910309758,"2026-06-08 10:18:29.758","data","obd","RX - [OBD2] ↵   PID    : 0x05 Temp. refrigerante ↵   VALUE  : 20.00 °C"
1780910309759,"2026-06-08 10:18:29.759","data","obd","RX - [OBD2] ↵   PID    : 0x0A Presion combustible ↵   VALUE  : 0.00 kPa"
1780910309759,"2026-06-08 10:18:29.759","data","obd","RX - [OBD2] ↵   PID    : 0x0C RPM motor ↵   VALUE  : 0 rpm"
1780910309759,"2026-06-08 10:18:29.759","data","obd","RX - [OBD2] ↵   PID    : 0x0D Velocidad ↵   VALUE  : 0.00 km/h"
1780910309759,"2026-06-08 10:18:29.759","data","obd","RX - [OBD2] ↵   PID    : 0x0F Temp. aire admision ↵   VALUE  : 20.00 °C"
1780910309759,"2026-06-08 10:18:29.759","data","obd","RX - [OBD2] ↵   PID    : 0x11 Posicion acelerador ↵   VALUE  : 0.00 %"
1780910310357,"2026-06-08 10:18:30.357","data","obd","RX - [OBD2] ↵   PID    : 0x04 Carga del motor ↵   VALUE  : 0.00 %"
1780910310357,"2026-06-08 10:18:30.357","data","obd","RX - [OBD2] ↵   PID    : 0x05 Temp. refrigerante ↵   VALUE  : 20.00 °C"
1780910310357,"2026-06-08 10:18:30.357","data","obd","RX - [OBD2] ↵   PID    : 0x0A Presion combustible ↵   VALUE  : 0.00 kPa"
1780910310357,"2026-06-08 10:18:30.357","data","obd","RX - [OBD2] ↵   PID    : 0x0C RPM motor ↵   VALUE  : 0 rpm"
1780910310357,"2026-06-08 10:18:30.357","data","obd","RX - [OBD2] ↵   PID    : 0x0D Velocidad ↵   VALUE  : 0.00 km/h"
1780910310358,"2026-06-08 10:18:30.358","data","obd","RX - [OBD2] ↵   PID    : 0x0F Temp. aire admision ↵   VALUE  : 20.00 °C"
1780910310358,"2026-06-08 10:18:30.358","data","obd","RX - [OBD2] ↵   PID    : 0x11 Posicion acelerador ↵   VALUE  : 0.00 %"
1780910310940,"2026-06-08 10:18:30.940","data","obd","RX - [OBD2] ↵   PID    : 0x04 Carga del motor ↵   VALUE  : 0.00 %"
1780910310940,"2026-06-08 10:18:30.940","data","obd","RX - [OBD2] ↵   PID    : 0x05 Temp. refrigerante ↵   VALUE  : 20.00 °C"
1780910310940,"2026-06-08 10:18:30.940","data","obd","RX - [OBD2] ↵   PID    : 0x0A Presion combustible ↵   VALUE  : 0.00 kPa"
1780910310940,"2026-06-08 10:18:30.940","data","obd","RX - [OBD2] ↵   PID    : 0x0C RPM motor ↵   VALUE  : 0 rpm"
1780910310940,"2026-06-08 10:18:30.940","data","obd","RX - [OBD2] ↵   PID    : 0x0D Velocidad ↵   VALUE  : 0.00 km/h"
1780910310940,"2026-06-08 10:18:30.940","data","obd","RX - [OBD2] ↵   PID    : 0x0F Temp. aire admision ↵   VALUE  : 20.00 °C"
1780910310941,"2026-06-08 10:18:30.941","data","obd","RX - [OBD2] ↵   PID    : 0x11 Posicion acelerador ↵   VALUE  : 0.00 %"
1780910311571,"2026-06-08 10:18:31.571","data","obd","RX - [OBD2] ↵   PID    : 0x04 Carga del motor ↵   VALUE  : 0.00 %"
1780910311571,"2026-06-08 10:18:31.571","data","obd","RX - [OBD2] ↵   PID    : 0x05 Temp. refrigerante ↵   VALUE  : 20.00 °C"
1780910311571,"2026-06-08 10:18:31.571","data","obd","RX - [OBD2] ↵   PID    : 0x0A Presion combustible ↵   VALUE  : 0.00 kPa"
1780910311571,"2026-06-08 10:18:31.571","data","obd","RX - [OBD2] ↵   PID    : 0x0C RPM motor ↵   VALUE  : 0 rpm"
1780910311571,"2026-06-08 10:18:31.571","data","obd","RX - [OBD2] ↵   PID    : 0x0D Velocidad ↵   VALUE  : 0.00 km/h"
1780910311571,"2026-06-08 10:18:31.571","data","obd","RX - [OBD2] ↵   PID    : 0x0F Temp. aire admision ↵   VALUE  : 20.00 °C"
1780910311571,"2026-06-08 10:18:31.571","data","obd","RX - [OBD2] ↵   PID    : 0x11 Posicion acelerador ↵   VALUE  : 0.00 %"
1780910312110,"2026-06-08 10:18:32.110","data","obd","RX - [OBD2] ↵   PID    : 0x04 Carga del motor ↵   VALUE  : 0.00 %"
1780910312110,"2026-06-08 10:18:32.110","data","obd","RX - [OBD2] ↵   PID    : 0x05 Temp. refrigerante ↵   VALUE  : 20.00 °C"
1780910312111,"2026-06-08 10:18:32.111","data","obd","RX - [OBD2] ↵   PID    : 0x0A Presion combustible ↵   VALUE  : 0.00 kPa"
1780910312111,"2026-06-08 10:18:32.111","data","obd","RX - [OBD2] ↵   PID    : 0x0C RPM motor ↵   VALUE  : 0 rpm"
1780910312111,"2026-06-08 10:18:32.111","data","obd","RX - [OBD2] ↵   PID    : 0x0D Velocidad ↵   VALUE  : 0.00 km/h"
1780910312111,"2026-06-08 10:18:32.111","data","obd","RX - [OBD2] ↵   PID    : 0x0F Temp. aire admision ↵   VALUE  : 20.00 °C"
1780910312111,"2026-06-08 10:18:32.111","data","obd","RX - [OBD2] ↵   PID    : 0x11 Posicion acelerador ↵   VALUE  : 0.00 %"
1780910312684,"2026-06-08 10:18:32.684","data","obd","RX - [OBD2] ↵   PID    : 0x04 Carga del motor ↵   VALUE  : 14.90 %"
1780910312684,"2026-06-08 10:18:32.684","data","obd","RX - [OBD2] ↵   PID    : 0x05 Temp. refrigerante ↵   VALUE  : 25.00 °C"
1780910312684,"2026-06-08 10:18:32.684","data","obd","RX - [OBD2] ↵   PID    : 0x0A Presion combustible ↵   VALUE  : 33.00 kPa"
1780910312684,"2026-06-08 10:18:32.684","data","obd","RX - [OBD2] ↵   PID    : 0x0C RPM motor ↵   VALUE  : 853 rpm"
1780910312684,"2026-06-08 10:18:32.684","data","obd","RX - [OBD2] ↵   PID    : 0x0D Velocidad ↵   VALUE  : 0.00 km/h"
1780910312684,"2026-06-08 10:18:32.684","data","obd","RX - [OBD2] ↵   PID    : 0x0F Temp. aire admision ↵   VALUE  : 20.00 °C"
1780910312685,"2026-06-08 10:18:32.685","data","obd","RX - [OBD2] ↵   PID    : 0x11 Posicion acelerador ↵   VALUE  : 0.00 %"
1780910313328,"2026-06-08 10:18:33.328","data","obd","RX - [OBD2] ↵   PID    : 0x04 Carga del motor ↵   VALUE  : 14.90 %"
1780910313328,"2026-06-08 10:18:33.328","data","obd","RX - [OBD2] ↵   PID    : 0x05 Temp. refrigerante ↵   VALUE  : 33.00 °C"
1780910313328,"2026-06-08 10:18:33.328","data","obd","RX - [OBD2] ↵   PID    : 0x0A Presion combustible ↵   VALUE  : 33.00 kPa"
1780910313328,"2026-06-08 10:18:33.328","data","obd","RX - [OBD2] ↵   PID    : 0x0C RPM motor ↵   VALUE  : 874 rpm"
1780910313328,"2026-06-08 10:18:33.328","data","obd","RX - [OBD2] ↵   PID    : 0x0D Velocidad ↵   VALUE  : 0.00 km/h"
1780910313328,"2026-06-08 10:18:33.328","data","obd","RX - [OBD2] ↵   PID    : 0x0F Temp. aire admision ↵   VALUE  : 23.00 °C"
1780910313328,"2026-06-08 10:18:33.328","data","obd","RX - [OBD2] ↵   PID    : 0x11 Posicion acelerador ↵   VALUE  : 0.00 %"
1780910313913,"2026-06-08 10:18:33.913","data","obd","RX - [OBD2] ↵   PID    : 0x04 Carga del motor ↵   VALUE  : 14.90 %"
1780910313913,"2026-06-08 10:18:33.913","data","obd","RX - [OBD2] ↵   PID    : 0x05 Temp. refrigerante ↵   VALUE  : 39.00 °C"
1780910313913,"2026-06-08 10:18:33.913","data","obd","RX - [OBD2] ↵   PID    : 0x0A Presion combustible ↵   VALUE  : 33.00 kPa"
1780910313913,"2026-06-08 10:18:33.913","data","obd","RX - [OBD2] ↵   PID    : 0x0C RPM motor ↵   VALUE  : 851 rpm"
1780910313913,"2026-06-08 10:18:33.913","data","obd","RX - [OBD2] ↵   PID    : 0x0D Velocidad ↵   VALUE  : 0.00 km/h"
1780910313913,"2026-06-08 10:18:33.913","data","obd","RX - [OBD2] ↵   PID    : 0x0F Temp. aire admision ↵   VALUE  : 27.00 °C"
1780910313914,"2026-06-08 10:18:33.914","data","obd","RX - [OBD2] ↵   PID    : 0x11 Posicion acelerador ↵   VALUE  : 0.00 %"
1780910313914,"2026-06-08 10:18:33.914","ble_tx","bluetooth","TX - [BLE] ↵   RAW    : {""type"":""heartbeat_ack""} ↵   DECODED: command='?'"
1780910314574,"2026-06-08 10:18:34.574","data","obd","RX - [OBD2] ↵   PID    : 0x04 Carga del motor ↵   VALUE  : 14.90 %"
1780910314575,"2026-06-08 10:18:34.575","data","obd","RX - [OBD2] ↵   PID    : 0x05 Temp. refrigerante ↵   VALUE  : 46.00 °C"
1780910314575,"2026-06-08 10:18:34.575","data","obd","RX - [OBD2] ↵   PID    : 0x0A Presion combustible ↵   VALUE  : 33.00 kPa"
1780910314575,"2026-06-08 10:18:34.575","data","obd","RX - [OBD2] ↵   PID    : 0x0C RPM motor ↵   VALUE  : 834 rpm"
1780910314576,"2026-06-08 10:18:34.576","data","obd","RX - [OBD2] ↵   PID    : 0x0D Velocidad ↵   VALUE  : 0.00 km/h"
1780910314576,"2026-06-08 10:18:34.576","data","obd","RX - [OBD2] ↵   PID    : 0x0F Temp. aire admision ↵   VALUE  : 32.00 °C"
1780910314577,"2026-06-08 10:18:34.577","data","obd","RX - [OBD2] ↵   PID    : 0x11 Posicion acelerador ↵   VALUE  : 0.00 %"
1780910314883,"2026-06-08 10:18:34.883","ble_rx","bluetooth","RX - [BLE] ↵   RAW    : {""status"": ""ok"", ""data"": ""pong""} ↵   DECODED: status='ok' data='pong'"
1780910315065,"2026-06-08 10:18:35.065","data","obd","RX - [OBD2] ↵   PID    : 0x04 Carga del motor ↵   VALUE  : 14.90 %"
1780910315066,"2026-06-08 10:18:35.066","data","obd","RX - [OBD2] ↵   PID    : 0x05 Temp. refrigerante ↵   VALUE  : 53.00 °C"
1780910315066,"2026-06-08 10:18:35.066","data","obd","RX - [OBD2] ↵   PID    : 0x0A Presion combustible ↵   VALUE  : 33.00 kPa"
1780910315066,"2026-06-08 10:18:35.066","data","obd","RX - [OBD2] ↵   PID    : 0x0C RPM motor ↵   VALUE  : 848 rpm"
1780910315066,"2026-06-08 10:18:35.066","data","obd","RX - [OBD2] ↵   PID    : 0x0D Velocidad ↵   VALUE  : 0.00 km/h"
1780910315066,"2026-06-08 10:18:35.066","data","obd","RX - [OBD2] ↵   PID    : 0x0F Temp. aire admision ↵   VALUE  : 34.00 °C"
1780910315066,"2026-06-08 10:18:35.066","data","obd","RX - [OBD2] ↵   PID    : 0x11 Posicion acelerador ↵   VALUE  : 0.00 %"
1780910315654,"2026-06-08 10:18:35.654","data","obd","RX - [OBD2] ↵   PID    : 0x04 Carga del motor ↵   VALUE  : 17.65 %"
1780910315655,"2026-06-08 10:18:35.655","data","obd","RX - [OBD2] ↵   PID    : 0x05 Temp. refrigerante ↵   VALUE  : 58.00 °C"
1780910315655,"2026-06-08 10:18:35.655","data","obd","RX - [OBD2] ↵   PID    : 0x0A Presion combustible ↵   VALUE  : 36.00 kPa"
1780910315655,"2026-06-08 10:18:35.655","data","obd","RX - [OBD2] ↵   PID    : 0x0C RPM motor ↵   VALUE  : 1076 rpm"
1780910315655,"2026-06-08 10:18:35.655","data","obd","RX - [OBD2] ↵   PID    : 0x0D Velocidad ↵   VALUE  : 0.00 km/h"
1780910315655,"2026-06-08 10:18:35.655","data","obd","RX - [OBD2] ↵   PID    : 0x0F Temp. aire admision ↵   VALUE  : 36.00 °C"
1780910315655,"2026-06-08 10:18:35.655","data","obd","RX - [OBD2] ↵   PID    : 0x11 Posicion acelerador ↵   VALUE  : 9.80 %"
1780910316254,"2026-06-08 10:18:36.254","data","obd","RX - [OBD2] ↵   PID    : 0x04 Carga del motor ↵   VALUE  : 28.63 %"
1780910316254,"2026-06-08 10:18:36.254","data","obd","RX - [OBD2] ↵   PID    : 0x05 Temp. refrigerante ↵   VALUE  : 63.00 °C"
1780910316254,"2026-06-08 10:18:36.254","data","obd","RX - [OBD2] ↵   PID    : 0x0A Presion combustible ↵   VALUE  : 36.00 kPa"
1780910316254,"2026-06-08 10:18:36.254","data","obd","RX - [OBD2] ↵   PID    : 0x0C RPM motor ↵   VALUE  : 1598 rpm"
1780910316254,"2026-06-08 10:18:36.254","data","obd","RX - [OBD2] ↵   PID    : 0x0D Velocidad ↵   VALUE  : 0.00 km/h"
1780910316254,"2026-06-08 10:18:36.254","data","obd","RX - [OBD2] ↵   PID    : 0x0F Temp. aire admision ↵   VALUE  : 35.00 °C"
1780910316254,"2026-06-08 10:18:36.254","data","obd","RX - [OBD2] ↵   PID    : 0x11 Posicion acelerador ↵   VALUE  : 24.71 %"
1780910316838,"2026-06-08 10:18:36.838","data","obd","RX - [OBD2] ↵   PID    : 0x04 Carga del motor ↵   VALUE  : 38.82 %"
1780910316838,"2026-06-08 10:18:36.838","data","obd","RX - [OBD2] ↵   PID    : 0x05 Temp. refrigerante ↵   VALUE  : 70.00 °C"
1780910316838,"2026-06-08 10:18:36.838","data","obd","RX - [OBD2] ↵   PID    : 0x0A Presion combustible ↵   VALUE  : 39.00 kPa"
1780910316838,"2026-06-08 10:18:36.838","data","obd","RX - [OBD2] ↵   PID    : 0x0C RPM motor ↵   VALUE  : 1985 rpm"
1780910316838,"2026-06-08 10:18:36.838","data","obd","RX - [OBD2] ↵   PID    : 0x0D Velocidad ↵   VALUE  : 3.00 km/h"
1780910316838,"2026-06-08 10:18:36.838","data","obd","RX - [OBD2] ↵   PID    : 0x0F Temp. aire admision ↵   VALUE  : 37.00 °C"
1780910316839,"2026-06-08 10:18:36.839","data","obd","RX - [OBD2] ↵   PID    : 0x11 Posicion acelerador ↵   VALUE  : 40.00 %"
1780910317423,"2026-06-08 10:18:37.423","data","obd","RX - [OBD2] ↵   PID    : 0x04 Carga del motor ↵   VALUE  : 49.80 %"
1780910317423,"2026-06-08 10:18:37.423","data","obd","RX - [OBD2] ↵   PID    : 0x05 Temp. refrigerante ↵   VALUE  : 75.00 °C"
1780910317423,"2026-06-08 10:18:37.423","data","obd","RX - [OBD2] ↵   PID    : 0x0A Presion combustible ↵   VALUE  : 45.00 kPa"
1780910317423,"2026-06-08 10:18:37.423","data","obd","RX - [OBD2] ↵   PID    : 0x0C RPM motor ↵   VALUE  : 2639 rpm"
1780910317424,"2026-06-08 10:18:37.424","data","obd","RX - [OBD2] ↵   PID    : 0x0D Velocidad ↵   VALUE  : 7.00 km/h"
1780910317424,"2026-06-08 10:18:37.424","data","obd","RX - [OBD2] ↵   PID    : 0x0F Temp. aire admision ↵   VALUE  : 37.00 °C"
1780910317424,"2026-06-08 10:18:37.424","data","obd","RX - [OBD2] ↵   PID    : 0x11 Posicion acelerador ↵   VALUE  : 54.90 %"
1780910318006,"2026-06-08 10:18:38.006","data","obd","RX - [OBD2] ↵   PID    : 0x04 Carga del motor ↵   VALUE  : 60.00 %"
1780910318007,"2026-06-08 10:18:38.007","data","obd","RX - [OBD2] ↵   PID    : 0x05 Temp. refrigerante ↵   VALUE  : 80.00 °C"
1780910318007,"2026-06-08 10:18:38.007","data","obd","RX - [OBD2] ↵   PID    : 0x0A Presion combustible ↵   VALUE  : 48.00 kPa"
1780910318007,"2026-06-08 10:18:38.007","data","obd","RX - [OBD2] ↵   PID    : 0x0C RPM motor ↵   VALUE  : 3322 rpm"
1780910318007,"2026-06-08 10:18:38.007","data","obd","RX - [OBD2] ↵   PID    : 0x0D Velocidad ↵   VALUE  : 15.00 km/h"
1780910318007,"2026-06-08 10:18:38.007","data","obd","RX - [OBD2] ↵   PID    : 0x0F Temp. aire admision ↵   VALUE  : 37.00 °C"
1780910318007,"2026-06-08 10:18:38.007","data","obd","RX - [OBD2] ↵   PID    : 0x11 Posicion acelerador ↵   VALUE  : 64.71 %"
1780910318648,"2026-06-08 10:18:38.648","data","obd","RX - [OBD2] ↵   PID    : 0x04 Carga del motor ↵   VALUE  : 60.00 %"
1780910318648,"2026-06-08 10:18:38.648","data","obd","RX - [OBD2] ↵   PID    : 0x05 Temp. refrigerante ↵   VALUE  : 85.00 °C"
1780910318648,"2026-06-08 10:18:38.648","data","obd","RX - [OBD2] ↵   PID    : 0x0A Presion combustible ↵   VALUE  : 48.00 kPa"
1780910318648,"2026-06-08 10:18:38.648","data","obd","RX - [OBD2] ↵   PID    : 0x0C RPM motor ↵   VALUE  : 3717 rpm"
1780910318648,"2026-06-08 10:18:38.648","data","obd","RX - [OBD2] ↵   PID    : 0x0D Velocidad ↵   VALUE  : 24.00 km/h"
1780910318649,"2026-06-08 10:18:38.649","data","obd","RX - [OBD2] ↵   PID    : 0x0F Temp. aire admision ↵   VALUE  : 36.00 °C"
1780910318649,"2026-06-08 10:18:38.649","data","obd","RX - [OBD2] ↵   PID    : 0x11 Posicion acelerador ↵   VALUE  : 64.71 %"
1780910319178,"2026-06-08 10:18:39.178","data","obd","RX - [OBD2] ↵   PID    : 0x04 Carga del motor ↵   VALUE  : 60.00 %"
1780910319178,"2026-06-08 10:18:39.178","data","obd","RX - [OBD2] ↵   PID    : 0x05 Temp. refrigerante ↵   VALUE  : 92.00 °C"
1780910319178,"2026-06-08 10:18:39.178","data","obd","RX - [OBD2] ↵   PID    : 0x0A Presion combustible ↵   VALUE  : 48.00 kPa"
1780910319179,"2026-06-08 10:18:39.179","data","obd","RX - [OBD2] ↵   PID    : 0x0C RPM motor ↵   VALUE  : 3827 rpm"
1780910319179,"2026-06-08 10:18:39.179","data","obd","RX - [OBD2] ↵   PID    : 0x0D Velocidad ↵   VALUE  : 30.00 km/h"
1780910319179,"2026-06-08 10:18:39.179","data","obd","RX - [OBD2] ↵   PID    : 0x0F Temp. aire admision ↵   VALUE  : 34.00 °C"
1780910319179,"2026-06-08 10:18:39.179","data","obd","RX - [OBD2] ↵   PID    : 0x11 Posicion acelerador ↵   VALUE  : 64.71 %"
1780910319179,"2026-06-08 10:18:39.179","ble_tx","bluetooth","TX - [BLE] ↵   RAW    : {""type"":""heartbeat_ack""} ↵   DECODED: command='?'"
1780910319748,"2026-06-08 10:18:39.748","data","obd","RX - [OBD2] ↵   PID    : 0x04 Carga del motor ↵   VALUE  : 60.00 %"
1780910319748,"2026-06-08 10:18:39.748","data","obd","RX - [OBD2] ↵   PID    : 0x05 Temp. refrigerante ↵   VALUE  : 93.00 °C"
1780910319748,"2026-06-08 10:18:39.748","data","obd","RX - [OBD2] ↵   PID    : 0x0A Presion combustible ↵   VALUE  : 48.00 kPa"
1780910319749,"2026-06-08 10:18:39.749","data","obd","RX - [OBD2] ↵   PID    : 0x0C RPM motor ↵   VALUE  : 3856 rpm"
1780910319749,"2026-06-08 10:18:39.749","data","obd","RX - [OBD2] ↵   PID    : 0x0D Velocidad ↵   VALUE  : 33.00 km/h"
1780910319749,"2026-06-08 10:18:39.749","data","obd","RX - [OBD2] ↵   PID    : 0x0F Temp. aire admision ↵   VALUE  : 35.00 °C"
1780910319749,"2026-06-08 10:18:39.749","data","obd","RX - [OBD2] ↵   PID    : 0x11 Posicion acelerador ↵   VALUE  : 64.71 %"
1780910320335,"2026-06-08 10:18:40.335","data","obd","RX - [OBD2] ↵   PID    : 0x04 Carga del motor ↵   VALUE  : 60.00 %"
1780910320335,"2026-06-08 10:18:40.335","data","obd","RX - [OBD2] ↵   PID    : 0x05 Temp. refrigerante ↵   VALUE  : 92.00 °C"
1780910320335,"2026-06-08 10:18:40.335","data","obd","RX - [OBD2] ↵   PID    : 0x0A Presion combustible ↵   VALUE  : 48.00 kPa"
1780910320335,"2026-06-08 10:18:40.335","data","obd","RX - [OBD2] ↵   PID    : 0x0C RPM motor ↵   VALUE  : 3868 rpm"
1780910320336,"2026-06-08 10:18:40.336","data","obd","RX - [OBD2] ↵   PID    : 0x0D Velocidad ↵   VALUE  : 35.00 km/h"
1780910320336,"2026-06-08 10:18:40.336","data","obd","RX - [OBD2] ↵   PID    : 0x0F Temp. aire admision ↵   VALUE  : 35.00 °C"
1780910320336,"2026-06-08 10:18:40.336","data","obd","RX - [OBD2] ↵   PID    : 0x11 Posicion acelerador ↵   VALUE  : 64.71 %"
1780910320977,"2026-06-08 10:18:40.977","data","obd","RX - [OBD2] ↵   PID    : 0x04 Carga del motor ↵   VALUE  : 60.00 %"
1780910320977,"2026-06-08 10:18:40.977","data","obd","RX - [OBD2] ↵   PID    : 0x05 Temp. refrigerante ↵   VALUE  : 93.00 °C"
1780910320977,"2026-06-08 10:18:40.977","data","obd","RX - [OBD2] ↵   PID    : 0x0A Presion combustible ↵   VALUE  : 48.00 kPa"
1780910320977,"2026-06-08 10:18:40.977","data","obd","RX - [OBD2] ↵   PID    : 0x0C RPM motor ↵   VALUE  : 3886 rpm"
1780910320977,"2026-06-08 10:18:40.977","data","obd","RX - [OBD2] ↵   PID    : 0x0D Velocidad ↵   VALUE  : 35.00 km/h"
1780910320977,"2026-06-08 10:18:40.977","data","obd","RX - [OBD2] ↵   PID    : 0x0F Temp. aire admision ↵   VALUE  : 35.00 °C"
1780910320977,"2026-06-08 10:18:40.977","data","obd","RX - [OBD2] ↵   PID    : 0x11 Posicion acelerador ↵   VALUE  : 64.71 %"
1780910321606,"2026-06-08 10:18:41.606","data","obd","RX - [OBD2] ↵   PID    : 0x04 Carga del motor ↵   VALUE  : 49.80 %"
1780910321606,"2026-06-08 10:18:41.606","data","obd","RX - [OBD2] ↵   PID    : 0x05 Temp. refrigerante ↵   VALUE  : 95.00 °C"
1780910321606,"2026-06-08 10:18:41.606","data","obd","RX - [OBD2] ↵   PID    : 0x0A Presion combustible ↵   VALUE  : 45.00 kPa"
1780910321606,"2026-06-08 10:18:41.606","data","obd","RX - [OBD2] ↵   PID    : 0x0C RPM motor ↵   VALUE  : 3521 rpm"
1780910321607,"2026-06-08 10:18:41.607","data","obd","RX - [OBD2] ↵   PID    : 0x0D Velocidad ↵   VALUE  : 35.00 km/h"
1780910321607,"2026-06-08 10:18:41.607","data","obd","RX - [OBD2] ↵   PID    : 0x0F Temp. aire admision ↵   VALUE  : 34.00 °C"
1780910321607,"2026-06-08 10:18:41.607","data","obd","RX - [OBD2] ↵   PID    : 0x11 Posicion acelerador ↵   VALUE  : 49.80 %"
1780910321948,"2026-06-08 10:18:41.948","ble_rx","bluetooth","RX - [BLE] ↵   RAW    : {""status"": ""ok"", ""data"": ""pong""} ↵   DECODED: status='ok' data='pong'"
1780910322133,"2026-06-08 10:18:42.133","data","obd","RX - [OBD2] ↵   PID    : 0x04 Carga del motor ↵   VALUE  : 42.75 %"
1780910322133,"2026-06-08 10:18:42.133","data","obd","RX - [OBD2] ↵   PID    : 0x05 Temp. refrigerante ↵   VALUE  : 96.00 °C"
1780910322133,"2026-06-08 10:18:42.133","data","obd","RX - [OBD2] ↵   PID    : 0x0A Presion combustible ↵   VALUE  : 39.00 kPa"
1780910322133,"2026-06-08 10:18:42.133","data","obd","RX - [OBD2] ↵   PID    : 0x0C RPM motor ↵   VALUE  : 2961 rpm"
1780910322133,"2026-06-08 10:18:42.133","data","obd","RX - [OBD2] ↵   PID    : 0x0D Velocidad ↵   VALUE  : 34.00 km/h"
1780910322133,"2026-06-08 10:18:42.133","data","obd","RX - [OBD2] ↵   PID    : 0x0F Temp. aire admision ↵   VALUE  : 35.00 °C"
1780910322133,"2026-06-08 10:18:42.133","data","obd","RX - [OBD2] ↵   PID    : 0x11 Posicion acelerador ↵   VALUE  : 34.90 %"
1780910322808,"2026-06-08 10:18:42.808","data","obd","RX - [OBD2] ↵   PID    : 0x04 Carga del motor ↵   VALUE  : 31.76 %"
1780910322808,"2026-06-08 10:18:42.808","data","obd","RX - [OBD2] ↵   PID    : 0x05 Temp. refrigerante ↵   VALUE  : 95.00 °C"
1780910322809,"2026-06-08 10:18:42.809","data","obd","RX - [OBD2] ↵   PID    : 0x0A Presion combustible ↵   VALUE  : 39.00 kPa"
1780910322809,"2026-06-08 10:18:42.809","data","obd","RX - [OBD2] ↵   PID    : 0x0C RPM motor ↵   VALUE  : 2555 rpm"
1780910322809,"2026-06-08 10:18:42.809","data","obd","RX - [OBD2] ↵   PID    : 0x0D Velocidad ↵   VALUE  : 31.00 km/h"
1780910322809,"2026-06-08 10:18:42.809","data","obd","RX - [OBD2] ↵   PID    : 0x0F Temp. aire admision ↵   VALUE  : 36.00 °C"
1780910322809,"2026-06-08 10:18:42.809","data","obd","RX - [OBD2] ↵   PID    : 0x11 Posicion acelerador ↵   VALUE  : 20.00 %"
1780910323319,"2026-06-08 10:18:43.319","data","obd","RX - [OBD2] ↵   PID    : 0x04 Carga del motor ↵   VALUE  : 21.96 %"
1780910323319,"2026-06-08 10:18:43.319","data","obd","RX - [OBD2] ↵   PID    : 0x05 Temp. refrigerante ↵   VALUE  : 93.00 °C"
1780910323319,"2026-06-08 10:18:43.319","data","obd","RX - [OBD2] ↵   PID    : 0x0A Presion combustible ↵   VALUE  : 36.00 kPa"
1780910323319,"2026-06-08 10:18:43.319","data","obd","RX - [OBD2] ↵   PID    : 0x0C RPM motor ↵   VALUE  : 1815 rpm"
1780910323319,"2026-06-08 10:18:43.319","data","obd","RX - [OBD2] ↵   PID    : 0x0D Velocidad ↵   VALUE  : 29.00 km/h"
1780910323319,"2026-06-08 10:18:43.319","data","obd","RX - [OBD2] ↵   PID    : 0x0F Temp. aire admision ↵   VALUE  : 36.00 °C"
1780910323320,"2026-06-08 10:18:43.320","data","obd","RX - [OBD2] ↵   PID    : 0x11 Posicion acelerador ↵   VALUE  : 4.71 %"
1780910323891,"2026-06-08 10:18:43.891","data","obd","RX - [OBD2] ↵   PID    : 0x04 Carga del motor ↵   VALUE  : 14.90 %"
1780910323891,"2026-06-08 10:18:43.891","data","obd","RX - [OBD2] ↵   PID    : 0x05 Temp. refrigerante ↵   VALUE  : 92.00 °C"
1780910323891,"2026-06-08 10:18:43.891","data","obd","RX - [OBD2] ↵   PID    : 0x0A Presion combustible ↵   VALUE  : 33.00 kPa"
1780910323891,"2026-06-08 10:18:43.891","data","obd","RX - [OBD2] ↵   PID    : 0x0C RPM motor ↵   VALUE  : 1193 rpm"
1780910323892,"2026-06-08 10:18:43.892","data","obd","RX - [OBD2] ↵   PID    : 0x0D Velocidad ↵   VALUE  : 26.00 km/h"
1780910323892,"2026-06-08 10:18:43.892","data","obd","RX - [OBD2] ↵   PID    : 0x0F Temp. aire admision ↵   VALUE  : 35.00 °C"
1780910323892,"2026-06-08 10:18:43.892","data","obd","RX - [OBD2] ↵   PID    : 0x11 Posicion acelerador ↵   VALUE  : 0.00 %"
1780910324488,"2026-06-08 10:18:44.488","data","obd","RX - [OBD2] ↵   PID    : 0x04 Carga del motor ↵   VALUE  : 14.90 %"
1780910324489,"2026-06-08 10:18:44.489","data","obd","RX - [OBD2] ↵   PID    : 0x05 Temp. refrigerante ↵   VALUE  : 91.00 °C"
1780910324489,"2026-06-08 10:18:44.489","data","obd","RX - [OBD2] ↵   PID    : 0x0A Presion combustible ↵   VALUE  : 33.00 kPa"
1780910324489,"2026-06-08 10:18:44.489","data","obd","RX - [OBD2] ↵   PID    : 0x0C RPM motor ↵   VALUE  : 951 rpm"
1780910324489,"2026-06-08 10:18:44.489","data","obd","RX - [OBD2] ↵   PID    : 0x0D Velocidad ↵   VALUE  : 23.00 km/h"
1780910324489,"2026-06-08 10:18:44.489","data","obd","RX - [OBD2] ↵   PID    : 0x0F Temp. aire admision ↵   VALUE  : 36.00 °C"
1780910324489,"2026-06-08 10:18:44.489","data","obd","RX - [OBD2] ↵   PID    : 0x11 Posicion acelerador ↵   VALUE  : 0.00 %"
1780910324489,"2026-06-08 10:18:44.489","ble_tx","bluetooth","TX - [BLE] ↵   RAW    : {""type"":""heartbeat_ack""} ↵   DECODED: command='?'"
1780910325061,"2026-06-08 10:18:45.061","data","obd","RX - [OBD2] ↵   PID    : 0x04 Carga del motor ↵   VALUE  : 14.90 %"
1780910325062,"2026-06-08 10:18:45.062","data","obd","RX - [OBD2] ↵   PID    : 0x05 Temp. refrigerante ↵   VALUE  : 92.00 °C"
1780910325062,"2026-06-08 10:18:45.062","data","obd","RX - [OBD2] ↵   PID    : 0x0A Presion combustible ↵   VALUE  : 33.00 kPa"
1780910325062,"2026-06-08 10:18:45.062","data","obd","RX - [OBD2] ↵   PID    : 0x0C RPM motor ↵   VALUE  : 884 rpm"
1780910325062,"2026-06-08 10:18:45.062","data","obd","RX - [OBD2] ↵   PID    : 0x0D Velocidad ↵   VALUE  : 20.00 km/h"
1780910325062,"2026-06-08 10:18:45.062","data","obd","RX - [OBD2] ↵   PID    : 0x0F Temp. aire admision ↵   VALUE  : 37.00 °C"
1780910325062,"2026-06-08 10:18:45.062","data","obd","RX - [OBD2] ↵   PID    : 0x11 Posicion acelerador ↵   VALUE  : 0.00 %"
1780910325690,"2026-06-08 10:18:45.690","data","obd","RX - [OBD2] ↵   PID    : 0x04 Carga del motor ↵   VALUE  : 14.90 %"
1780910325690,"2026-06-08 10:18:45.690","data","obd","RX - [OBD2] ↵   PID    : 0x05 Temp. refrigerante ↵   VALUE  : 91.00 °C"
1780910325691,"2026-06-08 10:18:45.691","data","obd","RX - [OBD2] ↵   PID    : 0x0A Presion combustible ↵   VALUE  : 33.00 kPa"
1780910325691,"2026-06-08 10:18:45.691","data","obd","RX - [OBD2] ↵   PID    : 0x0C RPM motor ↵   VALUE  : 884 rpm"
1780910325691,"2026-06-08 10:18:45.691","data","obd","RX - [OBD2] ↵   PID    : 0x0D Velocidad ↵   VALUE  : 20.00 km/h"
1780910325691,"2026-06-08 10:18:45.691","data","obd","RX - [OBD2] ↵   PID    : 0x0F Temp. aire admision ↵   VALUE  : 36.00 °C"
1780910325691,"2026-06-08 10:18:45.691","data","obd","RX - [OBD2] ↵   PID    : 0x11 Posicion acelerador ↵   VALUE  : 0.00 %"
1780910326107,"2026-06-08 10:18:46.107","ble_tx","bluetooth","TX - [BLE] ↵   RAW    : {""cmd"":""monitor_stop""} ↵   DECODED: command='monitor_stop'"
1780910326107,"2026-06-08 10:18:46.107","info","app","monitor_stop"
1780910326225,"2026-06-08 10:18:46.225","ble_rx","bluetooth","RX - [BLE] ↵   RAW    : {""status"": ""ok"", ""data"": ""monitor stopped""} ↵   DECODED: status='ok' data='monitor stopped'"
1780910328683,"2026-06-08 10:18:48.683","ble_tx","bluetooth","TX - [BLE] ↵   RAW    : {""cmd"":""dtcs""} ↵   DECODED: command='dtcs'"
1780910328835,"2026-06-08 10:18:48.835","ble_rx","bluetooth","RX - [BLE] ↵   RAW    : {""status"": ""ok"", ""data"": [{""code"": ""P0300"", ""description"": ""Se detectan fallos de encendido aleatorios/m\u00faltiples cilindros""}]} ↵   DECODED: status='ok'"
1780910328862,"2026-06-08 10:18:48.862","info","app","DTCs: 1 encontrados"
1780910328920,"2026-06-08 10:18:48.920","ble_rx","bluetooth","RX - [BLE] ↵   RAW    : {""status"": ""ok"", ""data"": ""pong""} ↵   DECODED: status='ok' data='pong'"
1780910330679,"2026-06-08 10:18:50.679","ble_tx","bluetooth","TX - [BLE] ↵   RAW    : {""cmd"":""dtcs""} ↵   DECODED: command='dtcs'"
1780910330811,"2026-06-08 10:18:50.811","ble_rx","bluetooth","RX - [BLE] ↵   RAW    : {""status"": ""ok"", ""data"": [{""code"": ""P0300"", ""description"": ""Se detectan fallos de encendido aleatorios/m\u00faltiples cilindros""}]} ↵   DECODED: status='ok'"
1780910330848,"2026-06-08 10:18:50.848","info","app","DTCs: 1 encontrados"
1780910331230,"2026-06-08 10:18:51.230","ble_tx","bluetooth","TX - [BLE] ↵   RAW    : {""cmd"":""dtcs""} ↵   DECODED: command='dtcs'"
1780910331304,"2026-06-08 10:18:51.304","ble_rx","bluetooth","RX - [BLE] ↵   RAW    : {""status"": ""ok"", ""data"": [{""code"": ""P0300"", ""description"": ""Se detectan fallos de encendido aleatorios/m\u00faltiples cilindros""}]} ↵   DECODED: status='ok'"
1780910331336,"2026-06-08 10:18:51.336","info","app","DTCs: 1 encontrados"
1780910333454,"2026-06-08 10:18:53.454","ble_tx","bluetooth","TX - [BLE] ↵   RAW    : {""cmd"":""clear_dtcs""} ↵   DECODED: command='clear_dtcs'"
1780910333556,"2026-06-08 10:18:53.556","ble_rx","bluetooth","RX - [BLE] ↵   RAW    : {""status"": ""ok"", ""data"": null} ↵   DECODED: status='ok'"
1780910333588,"2026-06-08 10:18:53.588","info","app","DTCs borrados"
1780910335942,"2026-06-08 10:18:55.942","ble_rx","bluetooth","RX - [BLE] ↵   RAW    : {""status"": ""ok"", ""data"": ""pong""} ↵   DECODED: status='ok' data='pong'"
1780910337568,"2026-06-08 10:18:57.568","info","app","UDS leer todo — 11 DIDs"
1780910337568,"2026-06-08 10:18:57.568","uds_tx","uds","TX - [UDS] ↵   CMD    : ReadDataByIdentifier ↵   DETAIL : 0xF190"
1780910337568,"2026-06-08 10:18:57.568","ble_tx","bluetooth","TX - [BLE] ↵   RAW    : {""cmd"":""uds_read_did"",""did"":""0xF190""} ↵   DECODED: command='uds_read_did'"
1780910337697,"2026-06-08 10:18:57.697","ble_rx","bluetooth","RX - [BLE] ↵   RAW    : {""status"": ""ok"", ""data"": {""did"": ""0xF190"", ""name"": ""VIN"", ""value"": ""ARDUINO0000000000"", ""unit"": """"}} ↵   DECODED: status='ok'"
1780910337733,"2026-06-08 10:18:57.733","uds_rx","uds","RX - [UDS] ↵   DID    : 0xF190 VIN ↵   VALUE  : ARDUINO0000000000"
1780910337733,"2026-06-08 10:18:57.733","uds_tx","uds","TX - [UDS] ↵   CMD    : ReadDataByIdentifier ↵   DETAIL : 0xF18C"
1780910337733,"2026-06-08 10:18:57.733","ble_tx","bluetooth","TX - [BLE] ↵   RAW    : {""cmd"":""uds_read_did"",""did"":""0xF18C""} ↵   DECODED: command='uds_read_did'"
1780910337877,"2026-06-08 10:18:57.877","ble_rx","bluetooth","RX - [BLE] ↵   RAW    : {""status"": ""ok"", ""data"": {""did"": ""0xF18C"", ""name"": ""Numero serie ECU"", ""value"": ""ECU00001"", ""unit"": """"}} ↵   DECODED: status='ok'"
1780910337907,"2026-06-08 10:18:57.907","uds_rx","uds","RX - [UDS] ↵   DID    : 0xF18C Numero serie ECU ↵   VALUE  : ECU00001"
1780910337908,"2026-06-08 10:18:57.908","uds_tx","uds","TX - [UDS] ↵   CMD    : ReadDataByIdentifier ↵   DETAIL : 0xF189"
1780910337908,"2026-06-08 10:18:57.908","ble_tx","bluetooth","TX - [BLE] ↵   RAW    : {""cmd"":""uds_read_did"",""did"":""0xF189""} ↵   DECODED: command='uds_read_did'"
1780910337965,"2026-06-08 10:18:57.965","ble_rx","bluetooth","RX - [BLE] ↵   RAW    : {""status"": ""ok"", ""data"": {""did"": ""0xF189"", ""name"": ""Version software"", ""value"": ""V1.0.0"", ""unit"": """"}} ↵   DECODED: status='ok'"
1780910337992,"2026-06-08 10:18:57.992","uds_rx","uds","RX - [UDS] ↵   DID    : 0xF189 Version software ↵   VALUE  : V1.0.0"
1780910337992,"2026-06-08 10:18:57.992","uds_tx","uds","TX - [UDS] ↵   CMD    : ReadDataByIdentifier ↵   DETAIL : 0x2001"
1780910337992,"2026-06-08 10:18:57.992","ble_tx","bluetooth","TX - [BLE] ↵   RAW    : {""cmd"":""uds_read_did"",""did"":""0x2001""} ↵   DECODED: command='uds_read_did'"
1780910338055,"2026-06-08 10:18:58.055","ble_rx","bluetooth","RX - [BLE] ↵   RAW    : {""status"": ""error"", ""message"": ""UDS NRC 0x22 for RDBI DID 0x2001""} ↵   DECODED: status='error'"
1780910338081,"2026-06-08 10:18:58.081","uds_tx","uds","TX - [UDS] ↵   CMD    : ReadDataByIdentifier ↵   DETAIL : 0x2002"
1780910338082,"2026-06-08 10:18:58.082","ble_tx","bluetooth","TX - [BLE] ↵   RAW    : {""cmd"":""uds_read_did"",""did"":""0x2002""} ↵   DECODED: command='uds_read_did'"
1780910338146,"2026-06-08 10:18:58.146","ble_rx","bluetooth","RX - [BLE] ↵   RAW    : {""status"": ""error"", ""message"": ""UDS NRC 0x22 for RDBI DID 0x2002""} ↵   DECODED: status='error'"
1780910338171,"2026-06-08 10:18:58.171","uds_tx","uds","TX - [UDS] ↵   CMD    : ReadDataByIdentifier ↵   DETAIL : 0x2003"
1780910338171,"2026-06-08 10:18:58.171","ble_tx","bluetooth","TX - [BLE] ↵   RAW    : {""cmd"":""uds_read_did"",""did"":""0x2003""} ↵   DECODED: command='uds_read_did'"
1780910338236,"2026-06-08 10:18:58.236","ble_rx","bluetooth","RX - [BLE] ↵   RAW    : {""status"": ""error"", ""message"": ""UDS NRC 0x22 for RDBI DID 0x2003""} ↵   DECODED: status='error'"
1780910338271,"2026-06-08 10:18:58.271","uds_tx","uds","TX - [UDS] ↵   CMD    : ReadDataByIdentifier ↵   DETAIL : 0x2004"
1780910338271,"2026-06-08 10:18:58.271","ble_tx","bluetooth","TX - [BLE] ↵   RAW    : {""cmd"":""uds_read_did"",""did"":""0x2004""} ↵   DECODED: command='uds_read_did'"
1780910338371,"2026-06-08 10:18:58.371","ble_rx","bluetooth","RX - [BLE] ↵   RAW    : {""status"": ""error"", ""message"": ""UDS NRC 0x22 for RDBI DID 0x2004""} ↵   DECODED: status='error'"
1780910338408,"2026-06-08 10:18:58.408","uds_tx","uds","TX - [UDS] ↵   CMD    : ReadDataByIdentifier ↵   DETAIL : 0x2005"
1780910338408,"2026-06-08 10:18:58.408","ble_tx","bluetooth","TX - [BLE] ↵   RAW    : {""cmd"":""uds_read_did"",""did"":""0x2005""} ↵   DECODED: command='uds_read_did'"
1780910338507,"2026-06-08 10:18:58.507","ble_rx","bluetooth","RX - [BLE] ↵   RAW    : {""status"": ""error"", ""message"": ""UDS NRC 0x22 for RDBI DID 0x2005""} ↵   DECODED: status='error'"
1780910338532,"2026-06-08 10:18:58.532","uds_tx","uds","TX - [UDS] ↵   CMD    : ReadDataByIdentifier ↵   DETAIL : 0x2006"
1780910338532,"2026-06-08 10:18:58.532","ble_tx","bluetooth","TX - [BLE] ↵   RAW    : {""cmd"":""uds_read_did"",""did"":""0x2006""} ↵   DECODED: command='uds_read_did'"
1780910338595,"2026-06-08 10:18:58.595","ble_rx","bluetooth","RX - [BLE] ↵   RAW    : {""status"": ""error"", ""message"": ""UDS NRC 0x22 for RDBI DID 0x2006""} ↵   DECODED: status='error'"
1780910338623,"2026-06-08 10:18:58.623","uds_tx","uds","TX - [UDS] ↵   CMD    : ReadDataByIdentifier ↵   DETAIL : 0x2007"
1780910338623,"2026-06-08 10:18:58.623","ble_tx","bluetooth","TX - [BLE] ↵   RAW    : {""cmd"":""uds_read_did"",""did"":""0x2007""} ↵   DECODED: command='uds_read_did'"
1780910338685,"2026-06-08 10:18:58.685","ble_rx","bluetooth","RX - [BLE] ↵   RAW    : {""status"": ""error"", ""message"": ""UDS NRC 0x22 for RDBI DID 0x2007""} ↵   DECODED: status='error'"
1780910338719,"2026-06-08 10:18:58.719","uds_tx","uds","TX - [UDS] ↵   CMD    : ReadDataByIdentifier ↵   DETAIL : 0x2008"
1780910338720,"2026-06-08 10:18:58.720","ble_tx","bluetooth","TX - [BLE] ↵   RAW    : {""cmd"":""uds_read_did"",""did"":""0x2008""} ↵   DECODED: command='uds_read_did'"
1780910338823,"2026-06-08 10:18:58.823","ble_rx","bluetooth","RX - [BLE] ↵   RAW    : {""status"": ""error"", ""message"": ""UDS NRC 0x22 for RDBI DID 0x2008""} ↵   DECODED: status='error'"
1780910340214,"2026-06-08 10:19:00.214","uds_tx","uds","TX - [UDS] ↵   CMD    : DiagnosticSessionControl ↵   DETAIL : defaultSession"
1780910340214,"2026-06-08 10:19:00.214","ble_tx","bluetooth","TX - [BLE] ↵   RAW    : {""cmd"":""uds_session"",""session_type"":1} ↵   DECODED: command='uds_session'"
1780910340309,"2026-06-08 10:19:00.309","ble_rx","bluetooth","RX - [BLE] ↵   RAW    : {""status"": ""ok"", ""data"": {""session_type"": 1, ""p2_server_ms"": 25, ""p2_extended_ms"": 500}} ↵   DECODED: status='ok'"
1780910340347,"2026-06-08 10:19:00.347","uds_rx","uds","RX - [UDS] ↵   DID    : session DiagnosticSession ↵   VALUE  : default"
1780910341305,"2026-06-08 10:19:01.305","info","app","UDS leer todo — 3 DIDs"
1780910341305,"2026-06-08 10:19:01.305","uds_tx","uds","TX - [UDS] ↵   CMD    : ReadDataByIdentifier ↵   DETAIL : 0xF190"
1780910341305,"2026-06-08 10:19:01.305","ble_tx","bluetooth","TX - [BLE] ↵   RAW    : {""cmd"":""uds_read_did"",""did"":""0xF190""} ↵   DECODED: command='uds_read_did'"
1780910341434,"2026-06-08 10:19:01.434","ble_rx","bluetooth","RX - [BLE] ↵   RAW    : {""status"": ""ok"", ""data"": {""did"": ""0xF190"", ""name"": ""VIN"", ""value"": ""ARDUINO0000000000"", ""unit"": """"}} ↵   DECODED: status='ok'"
1780910341486,"2026-06-08 10:19:01.486","uds_rx","uds","RX - [UDS] ↵   DID    : 0xF190 VIN ↵   VALUE  : ARDUINO0000000000"
1780910341486,"2026-06-08 10:19:01.486","uds_tx","uds","TX - [UDS] ↵   CMD    : ReadDataByIdentifier ↵   DETAIL : 0xF18C"
1780910341486,"2026-06-08 10:19:01.486","ble_tx","bluetooth","TX - [BLE] ↵   RAW    : {""cmd"":""uds_read_did"",""did"":""0xF18C""} ↵   DECODED: command='uds_read_did'"
1780910341566,"2026-06-08 10:19:01.566","ble_rx","bluetooth","RX - [BLE] ↵   RAW    : {""status"": ""ok"", ""data"": {""did"": ""0xF18C"", ""name"": ""Numero serie ECU"", ""value"": ""ECU00001"", ""unit"": """"}} ↵   DECODED: status='ok'"
1780910341605,"2026-06-08 10:19:01.605","uds_rx","uds","RX - [UDS] ↵   DID    : 0xF18C Numero serie ECU ↵   VALUE  : ECU00001"
1780910341605,"2026-06-08 10:19:01.605","uds_tx","uds","TX - [UDS] ↵   CMD    : ReadDataByIdentifier ↵   DETAIL : 0xF189"
1780910341606,"2026-06-08 10:19:01.606","ble_tx","bluetooth","TX - [BLE] ↵   RAW    : {""cmd"":""uds_read_did"",""did"":""0xF189""} ↵   DECODED: command='uds_read_did'"
1780910341703,"2026-06-08 10:19:01.703","ble_rx","bluetooth","RX - [BLE] ↵   RAW    : {""status"": ""ok"", ""data"": {""did"": ""0xF189"", ""name"": ""Version software"", ""value"": ""V1.0.0"", ""unit"": """"}} ↵   DECODED: status='ok'"
1780910341743,"2026-06-08 10:19:01.743","uds_rx","uds","RX - [UDS] ↵   DID    : 0xF189 Version software ↵   VALUE  : V1.0.0"
1780910342688,"2026-06-08 10:19:02.688","uds_tx","uds","TX - [UDS] ↵   CMD    : DiagnosticSessionControl ↵   DETAIL : extendedDiagnosticSession"
1780910342689,"2026-06-08 10:19:02.689","ble_tx","bluetooth","TX - [BLE] ↵   RAW    : {""cmd"":""uds_session"",""session_type"":3} ↵   DECODED: command='uds_session'"
1780910342780,"2026-06-08 10:19:02.780","ble_rx","bluetooth","RX - [BLE] ↵   RAW    : {""status"": ""ok"", ""data"": {""session_type"": 3, ""p2_server_ms"": 25, ""p2_extended_ms"": 500}} ↵   DECODED: status='ok'"
1780910342828,"2026-06-08 10:19:02.828","uds_rx","uds","RX - [UDS] ↵   DID    : session DiagnosticSession ↵   VALUE  : extended P2=25ms"
1780910342961,"2026-06-08 10:19:02.961","ble_rx","bluetooth","RX - [BLE] ↵   RAW    : {""status"": ""ok"", ""data"": ""pong""} ↵   DECODED: status='ok' data='pong'"
1780910344115,"2026-06-08 10:19:04.115","info","app","UDS leer todo — 11 DIDs"
1780910344115,"2026-06-08 10:19:04.115","uds_tx","uds","TX - [UDS] ↵   CMD    : ReadDataByIdentifier ↵   DETAIL : 0xF190"
1780910344115,"2026-06-08 10:19:04.115","ble_tx","bluetooth","TX - [BLE] ↵   RAW    : {""cmd"":""uds_read_did"",""did"":""0xF190""} ↵   DECODED: command='uds_read_did'"
1780910344268,"2026-06-08 10:19:04.268","ble_rx","bluetooth","RX - [BLE] ↵   RAW    : {""status"": ""ok"", ""data"": {""did"": ""0xF190"", ""name"": ""VIN"", ""value"": ""ARDUINO0000000000"", ""unit"": """"}} ↵   DECODED: status='ok'"
1780910344318,"2026-06-08 10:19:04.318","uds_rx","uds","RX - [UDS] ↵   DID    : 0xF190 VIN ↵   VALUE  : ARDUINO0000000000"
1780910344318,"2026-06-08 10:19:04.318","uds_tx","uds","TX - [UDS] ↵   CMD    : ReadDataByIdentifier ↵   DETAIL : 0xF18C"
1780910344319,"2026-06-08 10:19:04.319","ble_tx","bluetooth","TX - [BLE] ↵   RAW    : {""cmd"":""uds_read_did"",""did"":""0xF18C""} ↵   DECODED: command='uds_read_did'"
1780910344450,"2026-06-08 10:19:04.450","ble_rx","bluetooth","RX - [BLE] ↵   RAW    : {""status"": ""ok"", ""data"": {""did"": ""0xF18C"", ""name"": ""Numero serie ECU"", ""value"": ""ECU00001"", ""unit"": """"}} ↵   DECODED: status='ok'"
1780910344485,"2026-06-08 10:19:04.485","uds_rx","uds","RX - [UDS] ↵   DID    : 0xF18C Numero serie ECU ↵   VALUE  : ECU00001"
1780910344485,"2026-06-08 10:19:04.485","uds_tx","uds","TX - [UDS] ↵   CMD    : ReadDataByIdentifier ↵   DETAIL : 0xF189"
1780910344485,"2026-06-08 10:19:04.485","ble_tx","bluetooth","TX - [BLE] ↵   RAW    : {""cmd"":""uds_read_did"",""did"":""0xF189""} ↵   DECODED: command='uds_read_did'"
1780910344583,"2026-06-08 10:19:04.583","ble_rx","bluetooth","RX - [BLE] ↵   RAW    : {""status"": ""ok"", ""data"": {""did"": ""0xF189"", ""name"": ""Version software"", ""value"": ""V1.0.0"", ""unit"": """"}} ↵   DECODED: status='ok'"
1780910344634,"2026-06-08 10:19:04.634","uds_rx","uds","RX - [UDS] ↵   DID    : 0xF189 Version software ↵   VALUE  : V1.0.0"
1780910344634,"2026-06-08 10:19:04.634","uds_tx","uds","TX - [UDS] ↵   CMD    : ReadDataByIdentifier ↵   DETAIL : 0x2001"
1780910344634,"2026-06-08 10:19:04.634","ble_tx","bluetooth","TX - [BLE] ↵   RAW    : {""cmd"":""uds_read_did"",""did"":""0x2001""} ↵   DECODED: command='uds_read_did'"
1780910344807,"2026-06-08 10:19:04.807","ble_rx","bluetooth","RX - [BLE] ↵   RAW    : {""status"": ""ok"", ""data"": {""did"": ""0x2001"", ""name"": ""Carga del motor"", ""value"": 39, ""unit"": ""%""}} ↵   DECODED: status='ok'"
1780910344843,"2026-06-08 10:19:04.843","uds_rx","uds","RX - [UDS] ↵   DID    : 0x2001 Carga del motor ↵   VALUE  : 39.00 %"
1780910344843,"2026-06-08 10:19:04.843","uds_tx","uds","TX - [UDS] ↵   CMD    : ReadDataByIdentifier ↵   DETAIL : 0x2002"
1780910344843,"2026-06-08 10:19:04.843","ble_tx","bluetooth","TX - [BLE] ↵   RAW    : {""cmd"":""uds_read_did"",""did"":""0x2002""} ↵   DECODED: command='uds_read_did'"
1780910344941,"2026-06-08 10:19:04.941","ble_rx","bluetooth","RX - [BLE] ↵   RAW    : {""status"": ""ok"", ""data"": {""did"": ""0x2002"", ""name"": ""Temp. refrigerante"", ""value"": 92, ""unit"": ""\u00b0C""}} ↵   DECODED: status='ok'"
1780910344976,"2026-06-08 10:19:04.976","uds_rx","uds","RX - [UDS] ↵   DID    : 0x2002 Temp. refrigerante ↵   VALUE  : 92.00 °C"
1780910344976,"2026-06-08 10:19:04.976","uds_tx","uds","TX - [UDS] ↵   CMD    : ReadDataByIdentifier ↵   DETAIL : 0x2003"
1780910344976,"2026-06-08 10:19:04.976","ble_tx","bluetooth","TX - [BLE] ↵   RAW    : {""cmd"":""uds_read_did"",""did"":""0x2003""} ↵   DECODED: command='uds_read_did'"
1780910345076,"2026-06-08 10:19:05.076","ble_rx","bluetooth","RX - [BLE] ↵   RAW    : {""status"": ""ok"", ""data"": {""did"": ""0x2003"", ""name"": ""RPM motor"", ""value"": 2702, ""unit"": ""rpm""}} ↵   DECODED: status='ok'"
1780910345134,"2026-06-08 10:19:05.134","uds_rx","uds","RX - [UDS] ↵   DID    : 0x2003 RPM motor ↵   VALUE  : 2702.00 rpm"
1780910345134,"2026-06-08 10:19:05.134","uds_tx","uds","TX - [UDS] ↵   CMD    : ReadDataByIdentifier ↵   DETAIL : 0x2004"
1780910345134,"2026-06-08 10:19:05.134","ble_tx","bluetooth","TX - [BLE] ↵   RAW    : {""cmd"":""uds_read_did"",""did"":""0x2004""} ↵   DECODED: command='uds_read_did'"
1780910345209,"2026-06-08 10:19:05.209","ble_rx","bluetooth","RX - [BLE] ↵   RAW    : {""status"": ""ok"", ""data"": {""did"": ""0x2004"", ""name"": ""Velocidad"", ""value"": 32, ""unit"": ""km/h""}} ↵   DECODED: status='ok'"
1780910345248,"2026-06-08 10:19:05.248","uds_rx","uds","RX - [UDS] ↵   DID    : 0x2004 Velocidad ↵   VALUE  : 32.00 km/h"
1780910345248,"2026-06-08 10:19:05.248","uds_tx","uds","TX - [UDS] ↵   CMD    : ReadDataByIdentifier ↵   DETAIL : 0x2005"
1780910345248,"2026-06-08 10:19:05.248","ble_tx","bluetooth","TX - [BLE] ↵   RAW    : {""cmd"":""uds_read_did"",""did"":""0x2005""} ↵   DECODED: command='uds_read_did'"
1780910345342,"2026-06-08 10:19:05.342","ble_rx","bluetooth","RX - [BLE] ↵   RAW    : {""status"": ""ok"", ""data"": {""did"": ""0x2005"", ""name"": ""Posicion acelerador"", ""value"": 20, ""unit"": ""%""}} ↵   DECODED: status='ok'"
1780910345380,"2026-06-08 10:19:05.380","uds_rx","uds","RX - [UDS] ↵   DID    : 0x2005 Posicion acelerador ↵   VALUE  : 20.00 %"
1780910345380,"2026-06-08 10:19:05.380","uds_tx","uds","TX - [UDS] ↵   CMD    : ReadDataByIdentifier ↵   DETAIL : 0x2006"
1780910345380,"2026-06-08 10:19:05.380","ble_tx","bluetooth","TX - [BLE] ↵   RAW    : {""cmd"":""uds_read_did"",""did"":""0x2006""} ↵   DECODED: command='uds_read_did'"
1780910345492,"2026-06-08 10:19:05.492","ble_rx","bluetooth","RX - [BLE] ↵   RAW    : {""status"": ""ok"", ""data"": {""did"": ""0x2006"", ""name"": ""Nivel combustible"", ""value"": 68, ""unit"": ""%""}} ↵   DECODED: status='ok'"
1780910345540,"2026-06-08 10:19:05.540","uds_rx","uds","RX - [UDS] ↵   DID    : 0x2006 Nivel combustible ↵   VALUE  : 68.00 %"
1780910345540,"2026-06-08 10:19:05.540","uds_tx","uds","TX - [UDS] ↵   CMD    : ReadDataByIdentifier ↵   DETAIL : 0x2007"
1780910345541,"2026-06-08 10:19:05.541","ble_tx","bluetooth","TX - [BLE] ↵   RAW    : {""cmd"":""uds_read_did"",""did"":""0x2007""} ↵   DECODED: command='uds_read_did'"
1780910345616,"2026-06-08 10:19:05.616","ble_rx","bluetooth","RX - [BLE] ↵   RAW    : {""status"": ""ok"", ""data"": {""did"": ""0x2007"", ""name"": ""Temp. aceite motor"", ""value"": 101, ""unit"": ""\u00b0C""}} ↵   DECODED: status='ok'"
1780910345666,"2026-06-08 10:19:05.666","uds_rx","uds","RX - [UDS] ↵   DID    : 0x2007 Temp. aceite motor ↵   VALUE  : 101.00 °C"
1780910345666,"2026-06-08 10:19:05.666","uds_tx","uds","TX - [UDS] ↵   CMD    : ReadDataByIdentifier ↵   DETAIL : 0x2008"
1780910345666,"2026-06-08 10:19:05.666","ble_tx","bluetooth","TX - [BLE] ↵   RAW    : {""cmd"":""uds_read_did"",""did"":""0x2008""} ↵   DECODED: command='uds_read_did'"
1780910345755,"2026-06-08 10:19:05.755","ble_rx","bluetooth","RX - [BLE] ↵   RAW    : {""status"": ""ok"", ""data"": {""did"": ""0x2008"", ""name"": ""Tension bateria"", ""value"": 13.81, ""unit"": ""V""}} ↵   DECODED: status='ok'"
1780910345812,"2026-06-08 10:19:05.812","uds_rx","uds","RX - [UDS] ↵   DID    : 0x2008 Tension bateria ↵   VALUE  : 13.81 V"
1780910349985,"2026-06-08 10:19:09.985","ble_rx","bluetooth","RX - [BLE] ↵   RAW    : {""status"": ""ok"", ""data"": ""pong""} ↵   DECODED: status='ok' data='pong'"
1780910354097,"2026-06-08 10:19:14.097","info","app","Desconectando de diag_tool"
1780910354097,"2026-06-08 10:19:14.097","info","app","monitor_stop"
1780910354097,"2026-06-08 10:19:14.097","ble_tx","bluetooth","TX - [BLE] ↵   RAW    : {""cmd"":""disconnect""} ↵   DECODED: command='disconnect'"